<?xml version="1.0" encoding="UTF-8"?>
<teamcity-plugin xmlns:xsi="http://www.w3.org/2001/XMLSchema-instance"
                 xsi:noNamespaceSchemaLocation="urn:shemas-jetbrains-com:teamcity-plugin-v1-xml">
    <info>
        <name>tasks-teamcity-plugin</name>
        <display-name>Tasks Teamcity Plugin</display-name>
        <version>1.0</version>
        <description>Tasks Build Runner</description>
        <download-url>https://github.com/kunalkanojia/tasks-teamcity-plugin</download-url>
        <email>ruben.vandeginste@gmail.com</email>
        <vendor>
            <name>Kunal Kanojia</name>
            <url>https://github.com/kunalkanojia/tasks-teamcity-plugin</url>
            <logo></logo>
        </vendor>
    </info>
    <deployment use-separate-classloader="true"/>
</teamcity-plugin>
